Local	Código do Produto	Produto	Estoque (UN)	Pendência (UN)	Disponível (UN)	Lote	Lote Indústria	Data de Fabricação	Data de Vencimento	Data de Entrada	Data de Alocação	Estado	Setor	Tipo	Ordem de Recebimento	Adicionar (UN)	Tipo do Local	Qtde Separação Específica Não Roteirizado	Código Produto Depositante	Barra	Embalagem	Fator de Conversão	Estoque na Embalagem	Pendência na Embalagem	Id	Adicionar na Embalagem	Disponível na Embalagem	Barra do Lote	Embalagem do Lote	Fator do Lote	Estoque Fator Lote	Pendência Fator Lote	Adicionar Fator Lote	Disponível Fator Lote	Código do Depositante	Depositante	Buffer	Local Ativo	Lote Liberado	Período de Validade	Dias Vencidos	Maturação	Prazo de Validade	Prazo de Comercialização	Prazo Crítico	Tipo do Recebimento	Classificação	Nota Fiscal	Número NF Entrada	Data do Bloqueio	Motivo do Bloqueio	Usuário de Bloqueio	Data da Liberação	Motivo da Liberação	Usuário da Liberação	Motivo Avaria Conf. Entrada	Usuário que Avariou	Data da Avaria	Lote Adicional	Peso (Kg)	Região	Família	Marca	idProduto	idDepositante	Número Contrato	Entidade Pagadora	CNPJ	Inscrição Estadual	Data de fabricação truncada	Data de vencimento truncada	Barra LPN
1D0961	B2C-08	CX B2C 08	810	0	810	161561		01/06/2026 00:00:00	01/06/2030 00:00:00	11/06/2026 07:30:17	11/06/2026 07:30:17	NORMAL	B2C - PULMAO	EMBALAGEM		0	PULMÃO PALETIZADO	0	B2C-08	2000001303001	UN	1	810	0	322292	0	810	2000001303001	UN	1	810	0	0	810	19	B2C BRASIL  INTERMEDIACOES LTDA	N	S	S	PRAZO NORMAL	0	NÃO CONTROLA	100	0	0				NF: 11843 / Série: AJUSTE - E											0,001	B2C - PULMAO	B2C BRASIL  INTERMEDIACOES LTDA		13030	20					01/06/2026	01/06/2030	
1D1161	B2C-08	CX B2C 08	810	0	810	161562		01/06/2026 00:00:00	01/06/2030 00:00:00	11/06/2026 07:30:23	11/06/2026 07:30:23	NORMAL	B2C - PULMAO	EMBALAGEM		0	PULMÃO PALETIZADO	0	B2C-08	2000001303001	UN	1	810	0	322293	0	810	2000001303001	UN	1	810	0	0	810	19	B2C BRASIL  INTERMEDIACOES LTDA	N	S	S	PRAZO NORMAL	0	NÃO CONTROLA	100	0	0				NF: 11844 / Série: AJUSTE - E											0,001	B2C - PULMAO	B2C BRASIL  INTERMEDIACOES LTDA		13030	20					01/06/2026	01/06/2030	
1D4161	B2C-08	CX B2C 08	990	0	990	161827		01/06/2026 00:00:00	01/06/2030 00:00:00	15/06/2026 15:23:35	15/06/2026 15:23:36	NORMAL	B2C - PULMAO	EMBALAGEM		0	PULMÃO PALETIZADO	0	B2C-08	2000001303001	UN	1	990	0	323600	0	990	2000001303001	UN	1	990	0	0	990	19	B2C BRASIL  INTERMEDIACOES LTDA	N	S	S	PRAZO NORMAL	0	NÃO CONTROLA	100	0	0				NF: 11967 / Série: AJUSTE - E											0,001	B2C - PULMAO	B2C BRASIL  INTERMEDIACOES LTDA		13030	20					01/06/2026	01/06/2030	
1D5131	B2C-AC3	COLMEIA B2C AC3	1800	0	1800	161396		01/06/2026 00:00:00	01/06/2030 00:00:00	10/06/2026 15:02:31	10/06/2026 15:02:31	NORMAL	B2C - PULMAO	EMBALAGEM		0	PULMÃO PALETIZADO	0	B2C-AC3	2000001304801	UN	1	1800	0	322014	0	1800	2000001304801	UN	1	1800	0	0	1800	19	B2C BRASIL  INTERMEDIACOES LTDA	N	S	S	PRAZO NORMAL	0	NÃO CONTROLA	100	0	0				NF: 11718 / Série: AJUSTE - E											0,001	B2C - PULMAO	B2C BRASIL  INTERMEDIACOES LTDA		13048	20					01/06/2026	01/06/2030	
1D5131	B2C-03	CX B2C 03	475	0	475	161397		01/06/2026 00:00:00	01/06/2030 00:00:00	10/06/2026 15:02:31	10/06/2026 15:02:31	NORMAL	B2C - PULMAO	EMBALAGEM		0	PULMÃO PALETIZADO	0	B2C-03	2000001302701	UN	1	475	0	322015	0	475	2000001302701	UN	1	475	0	0	475	19	B2C BRASIL  INTERMEDIACOES LTDA	N	S	S	PRAZO NORMAL	0	NÃO CONTROLA	100	0	0				NF: 11718 / Série: AJUSTE - E											0,001	B2C - PULMAO	B2C BRASIL  INTERMEDIACOES LTDA		13027	20					01/06/2026	01/06/2030	
1D7961	B2C-AC1	COLMEIA B2C AC1	15000	0	15000	161398		01/06/2026 00:00:00	01/06/2030 00:00:00	10/06/2026 15:03:00	10/06/2026 15:03:00	NORMAL	B2C - PULMAO	EMBALAGEM		0	PULMÃO PALETIZADO	0	B2C-AC1	2000001304601	UN	1	15000	0	322016	0	15000	2000001304601	UN	1	15000	0	0	15000	19	B2C BRASIL  INTERMEDIACOES LTDA	N	S	S	PRAZO NORMAL	0	NÃO CONTROLA	100	0	0				NF: 11719 / Série: AJUSTE - E											0,001	B2C - PULMAO	B2C BRASIL  INTERMEDIACOES LTDA		13046	20					01/06/2026	01/06/2030	
1D2151	B2C-08	CX B2C 08	810	0	810	161399		01/06/2026 00:00:00	01/06/2030 00:00:00	10/06/2026 15:03:07	10/06/2026 15:03:07	NORMAL	B2C - PULMAO	EMBALAGEM		0	PULMÃO PALETIZADO	0	B2C-08	2000001303001	UN	1	810	0	322017	0	810	2000001303001	UN	1	810	0	0	810	19	B2C BRASIL  INTERMEDIACOES LTDA	N	S	S	PRAZO NORMAL	0	NÃO CONTROLA	100	0	0				NF: 11720 / Série: AJUSTE - E											0,001	B2C - PULMAO	B2C BRASIL  INTERMEDIACOES LTDA		13030	20					01/06/2026	01/06/2030	
1D1961	B2C-25	CX B2C 25	360	0	360	161400		01/06/2026 00:00:00	01/06/2030 00:00:00	10/06/2026 15:03:18	10/06/2026 15:03:18	NORMAL	B2C - PULMAO	EMBALAGEM		0	PULMÃO PALETIZADO	0	B2C-25	2000001304501	UN	1	360	0	322018	0	360	2000001304501	UN	1	360	0	0	360	19	B2C BRASIL  INTERMEDIACOES LTDA	N	S	S	PRAZO NORMAL	0	NÃO CONTROLA	100	0	0				NF: 11721 / Série: AJUSTE - E											0,001	B2C - PULMAO	B2C BRASIL  INTERMEDIACOES LTDA		13045	20					01/06/2026	01/06/2030	
1D8161	B2C-03	CX B2C 03	3900	0	3900	161229		01/06/2026 00:00:00	01/06/2030 00:00:00	09/06/2026 11:16:29	09/06/2026 11:16:29	NORMAL	B2C - PULMAO	EMBALAGEM		0	PULMÃO PALETIZADO	0	B2C-03	2000001302701	UN	1	3900	0	321067	0	3900	2000001302701	UN	1	3900	0	0	3900	19	B2C BRASIL  INTERMEDIACOES LTDA	N	S	S	PRAZO NORMAL	0	NÃO CONTROLA	100	0	0				NF: 11659 / Série: AJUSTE - E											0,001	B2C - PULMAO	B2C BRASIL  INTERMEDIACOES LTDA		13027	20					01/06/2026	01/06/2030	
1D4931	B2C-10	CX B2C 10	3360	0	3360	161590		01/06/2026 00:00:00	01/06/2030 00:00:00	11/06/2026 09:54:12	11/06/2026 09:54:12	NORMAL	B2C - PULMAO	EMBALAGEM		0	PULMÃO PALETIZADO	0	B2C-10	2000001303101	UN	1	3360	0	322389	0	3360	2000001303101	UN	1	3360	0	0	3360	19	B2C BRASIL  INTERMEDIACOES LTDA	N	S	S	PRAZO NORMAL	0	NÃO CONTROLA	100	0	0				NF: 11879 / Série: AJUSTE - E											0,001	B2C - PULMAO	B2C BRASIL  INTERMEDIACOES LTDA		13031	20					01/06/2026	01/06/2030	
1D7561	B2C-10	CX B2C 10	6240	0	6240	161559		01/06/2026 00:00:00	01/06/2030 00:00:00	11/06/2026 07:30:06	11/06/2026 07:30:06	NORMAL	B2C - PULMAO	EMBALAGEM		0	PULMÃO PALETIZADO	0	B2C-10	2000001303101	UN	1	6240	0	322290	0	6240	2000001303101	UN	1	6240	0	0	6240	19	B2C BRASIL  INTERMEDIACOES LTDA	N	S	S	PRAZO NORMAL	0	NÃO CONTROLA	100	0	0				NF: 11841 / Série: AJUSTE - E											0,001	B2C - PULMAO	B2C BRASIL  INTERMEDIACOES LTDA		13031	20					01/06/2026	01/06/2030	
1D0761	B2C-08	CX B2C 08	810	0	810	161560				11/06/2026 07:30:12	11/06/2026 07:30:12	NORMAL	B2C - PULMAO	EMBALAGEM		0	PULMÃO PALETIZADO	0	B2C-08	2000001303001	UN	1	810	0	322291	0	810	2000001303001	UN	1	810	0	0	810	19	B2C BRASIL  INTERMEDIACOES LTDA	N	S	S	NÃO COLETADO	0	NÃO CONTROLA	100	0	0				NF: 11842 / Série: AJUSTE - E											0,001	B2C - PULMAO	B2C BRASIL  INTERMEDIACOES LTDA		13030	20							
1D2751	B2C-08	CX B2C 08	810	0	810	161564		01/06/2026 00:00:00	01/06/2030 00:00:00	11/06/2026 07:30:37	11/06/2026 07:30:37	NORMAL	B2C - PULMAO	EMBALAGEM		0	PULMÃO PALETIZADO	0	B2C-08	2000001303001	UN	1	810	0	322295	0	810	2000001303001	UN	1	810	0	0	810	19	B2C BRASIL  INTERMEDIACOES LTDA	N	S	S	PRAZO NORMAL	0	NÃO CONTROLA	100	0	0				NF: 11846 / Série: AJUSTE - E											0,001	B2C - PULMAO	B2C BRASIL  INTERMEDIACOES LTDA		13030	20					01/06/2026	01/06/2030	
1D2951	B2C-08	CX B2C 08	810	0	810	161565		01/06/2026 00:00:00	01/06/2030 00:00:00	11/06/2026 07:30:43	11/06/2026 07:30:43	NORMAL	B2C - PULMAO	EMBALAGEM		0	PULMÃO PALETIZADO	0	B2C-08	2000001303001	UN	1	810	0	322296	0	810	2000001303001	UN	1	810	0	0	810	19	B2C BRASIL  INTERMEDIACOES LTDA	N	S	S	PRAZO NORMAL	0	NÃO CONTROLA	100	0	0				NF: 11847 / Série: AJUSTE - E											0,001	B2C - PULMAO	B2C BRASIL  INTERMEDIACOES LTDA		13030	20					01/06/2026	01/06/2030	
1D3131	B2C-08	CX B2C 08	630	0	630	161566		01/06/2026 00:00:00	01/06/2030 00:00:00	11/06/2026 07:30:49	11/06/2026 07:30:49	NORMAL	B2C - PULMAO	EMBALAGEM		0	PULMÃO PALETIZADO	0	B2C-08	2000001303001	UN	1	630	0	322297	0	630	2000001303001	UN	1	630	0	0	630	19	B2C BRASIL  INTERMEDIACOES LTDA	N	S	S	PRAZO NORMAL	0	NÃO CONTROLA	100	0	0				NF: 11848 / Série: AJUSTE - E											0,001	B2C - PULMAO	B2C BRASIL  INTERMEDIACOES LTDA		13030	20					01/06/2026	01/06/2030	
1D5121	B2C-17	CX B2C 17	420	0	420	161520		01/06/2026 00:00:00	01/06/2030 00:00:00	11/06/2026 07:25:59	11/06/2026 07:25:59	NORMAL	B2C - PULMAO	EMBALAGEM		0	PULMÃO PALETIZADO	0	B2C-17	2000001303901	UN	1	420	0	322249	0	420	2000001303901	UN	1	420	0	0	420	19	B2C BRASIL  INTERMEDIACOES LTDA	N	S	S	PRAZO NORMAL	0	NÃO CONTROLA	100	0	0				NF: 11802 / Série: AJUSTE - E											0,001	B2C - PULMAO	B2C BRASIL  INTERMEDIACOES LTDA		13039	20					01/06/2026	01/06/2030	
1D7731	B2C-15	CX B2C 15	420	0	420	161534		01/06/2026 00:00:00	01/06/2030 00:00:00	11/06/2026 07:27:26	11/06/2026 07:27:26	NORMAL	B2C - PULMAO	EMBALAGEM		0	PULMÃO PALETIZADO	0	B2C-15	2000001303601	UN	1	420	0	322263	0	420	2000001303601	UN	1	420	0	0	420	19	B2C BRASIL  INTERMEDIACOES LTDA	N	S	S	PRAZO NORMAL	0	NÃO CONTROLA	100	0	0				NF: 11816 / Série: AJUSTE - E											0,001	B2C - PULMAO	B2C BRASIL  INTERMEDIACOES LTDA		13036	20					01/06/2026	01/06/2030	
1D1561	B2C-12	CX B2C 12	2700	0	2700	161539		01/06/2026 00:00:00	01/06/2030 00:00:00	11/06/2026 07:27:59	11/06/2026 07:27:59	NORMAL	B2C - PULMAO	EMBALAGEM		0	PULMÃO PALETIZADO	0	B2C-12	2000001302401	UN	1	2700	0	322268	0	2700	2000001302401	UN	1	2700	0	0	2700	19	B2C BRASIL  INTERMEDIACOES LTDA	N	S	S	PRAZO NORMAL	0	NÃO CONTROLA	100	0	0				NF: 11821 / Série: AJUSTE - E											0,001	B2C - PULMAO	B2C BRASIL  INTERMEDIACOES LTDA		13024	20					01/06/2026	01/06/2030	
1D6361	B2C-11	CX B2C 11	3305	0	3305	161553		01/06/2026 00:00:00	01/06/2030 00:00:00	11/06/2026 07:29:27	11/06/2026 07:29:27	NORMAL	B2C - PULMAO	EMBALAGEM		0	PULMÃO PALETIZADO	0	B2C-11	2000001303201	UN	1	3305	0	322283	0	3305	2000001303201	UN	1	3305	0	0	3305	19	B2C BRASIL  INTERMEDIACOES LTDA	N	S	S	PRAZO NORMAL	0	NÃO CONTROLA	100	0	0				NF: 11835 / Série: AJUSTE - E											0,001	B2C - PULMAO	B2C BRASIL  INTERMEDIACOES LTDA		13032	20					01/06/2026	01/06/2030	
1D0941	B2C-20	CX B2C 20	360	0	360	161486		01/06/2026 00:00:00	01/06/2030 00:00:00	11/06/2026 07:22:22	11/06/2026 07:22:22	NORMAL	B2C - PULMAO	EMBALAGEM		0	PULMÃO PALETIZADO	0	B2C-20	2000001304201	UN	1	360	0	322213	0	360	2000001304201	UN	1	360	0	0	360	19	B2C BRASIL  INTERMEDIACOES LTDA	N	S	S	PRAZO NORMAL	0	NÃO CONTROLA	100	0	0				NF: 11768 / Série: AJUSTE - E											0,001	B2C - PULMAO	B2C BRASIL  INTERMEDIACOES LTDA		13042	20					01/06/2026	01/06/2030	
1D2721	B2C-20	CX B2C 20	360	0	360	161505		01/06/2026 00:00:00	01/06/2030 00:00:00	11/06/2026 07:24:22	11/06/2026 07:24:22	NORMAL	B2C - PULMAO	EMBALAGEM		0	PULMÃO PALETIZADO	0	B2C-20	2000001304201	UN	1	360	0	322233	0	360	2000001304201	UN	1	360	0	0	360	19	B2C BRASIL  INTERMEDIACOES LTDA	N	S	S	PRAZO NORMAL	0	NÃO CONTROLA	100	0	0				NF: 11787 / Série: AJUSTE - E											0,001	B2C - PULMAO	B2C BRASIL  INTERMEDIACOES LTDA		13042	20					01/06/2026	01/06/2030	
1D3351	B2C-20	CX B2C 20	360	0	360	161509		01/06/2026 00:00:00	01/06/2030 00:00:00	11/06/2026 07:24:48	11/06/2026 07:24:48	NORMAL	B2C - PULMAO	EMBALAGEM		0	PULMÃO PALETIZADO	0	B2C-20	2000001304201	UN	1	360	0	322237	0	360	2000001304201	UN	1	360	0	0	360	19	B2C BRASIL  INTERMEDIACOES LTDA	N	S	S	PRAZO NORMAL	0	NÃO CONTROLA	100	0	0				NF: 11791 / Série: AJUSTE - E											0,001	B2C - PULMAO	B2C BRASIL  INTERMEDIACOES LTDA		13042	20					01/06/2026	01/06/2030	
1D3341	B2C-20	CX B2C 20	360	0	360	161510		01/06/2026 00:00:00	01/06/2030 00:00:00	11/06/2026 07:24:54	11/06/2026 07:24:54	NORMAL	B2C - PULMAO	EMBALAGEM		0	PULMÃO PALETIZADO	0	B2C-20	2000001304201	UN	1	360	0	322238	0	360	2000001304201	UN	1	360	0	0	360	19	B2C BRASIL  INTERMEDIACOES LTDA	N	S	S	PRAZO NORMAL	0	NÃO CONTROLA	100	0	0				NF: 11792 / Série: AJUSTE - E											0,001	B2C - PULMAO	B2C BRASIL  INTERMEDIACOES LTDA		13042	20					01/06/2026	01/06/2030	
1D3331	B2C-20	CX B2C 20	360	0	360	161511		01/06/2026 00:00:00	01/06/2030 00:00:00	11/06/2026 07:25:02	11/06/2026 07:25:02	NORMAL	B2C - PULMAO	EMBALAGEM		0	PULMÃO PALETIZADO	0	B2C-20	2000001304201	UN	1	360	0	322239	0	360	2000001304201	UN	1	360	0	0	360	19	B2C BRASIL  INTERMEDIACOES LTDA	N	S	S	PRAZO NORMAL	0	NÃO CONTROLA	100	0	0				NF: 11793 / Série: AJUSTE - E											0,001	B2C - PULMAO	B2C BRASIL  INTERMEDIACOES LTDA		13042	20					01/06/2026	01/06/2030	
1D3941	B2C-20	CX B2C 20	345	0	345	161514		01/06/2026 00:00:00	01/06/2030 00:00:00	11/06/2026 07:25:19	11/06/2026 07:25:20	NORMAL	B2C - PULMAO	EMBALAGEM		0	PULMÃO PALETIZADO	0	B2C-20	2000001304201	UN	1	345	0	322242	0	345	2000001304201	UN	1	345	0	0	345	19	B2C BRASIL  INTERMEDIACOES LTDA	N	S	S	PRAZO NORMAL	0	NÃO CONTROLA	100	0	0				NF: 11796 / Série: AJUSTE - E											0,001	B2C - PULMAO	B2C BRASIL  INTERMEDIACOES LTDA		13042	20					01/06/2026	01/06/2030	
1D1521	B2C-17	CX B2C 17	840	0	840	161519		01/06/2026 00:00:00	01/06/2030 00:00:00	11/06/2026 07:25:52	11/06/2026 07:25:52	NORMAL	B2C - PULMAO	EMBALAGEM		0	PULMÃO PALETIZADO	0	B2C-17	2000001303901	UN	1	840	0	322248	0	840	2000001303901	UN	1	840	0	0	840	19	B2C BRASIL  INTERMEDIACOES LTDA	N	S	S	PRAZO NORMAL	0	NÃO CONTROLA	100	0	0				NF: 11801 / Série: AJUSTE - E											0,001	B2C - PULMAO	B2C BRASIL  INTERMEDIACOES LTDA		13039	20					01/06/2026	01/06/2030	
1D7121	B2C-15	CX B2C 15	420	0	420	161531		01/06/2026 00:00:00	01/06/2030 00:00:00	11/06/2026 07:27:08	11/06/2026 07:27:08	NORMAL	B2C - PULMAO	EMBALAGEM		0	PULMÃO PALETIZADO	0	B2C-15	2000001303601	UN	1	420	0	322260	0	420	2000001303601	UN	1	420	0	0	420	19	B2C BRASIL  INTERMEDIACOES LTDA	N	S	S	PRAZO NORMAL	0	NÃO CONTROLA	100	0	0				NF: 11813 / Série: AJUSTE - E											0,001	B2C - PULMAO	B2C BRASIL  INTERMEDIACOES LTDA		13036	20					01/06/2026	01/06/2030	
1D7331	B2C-15	CX B2C 15	420	0	420	161532		01/06/2026 00:00:00	01/06/2030 00:00:00	11/06/2026 07:27:15	11/06/2026 07:27:15	NORMAL	B2C - PULMAO	EMBALAGEM		0	PULMÃO PALETIZADO	0	B2C-15	2000001303601	UN	1	420	0	322261	0	420	2000001303601	UN	1	420	0	0	420	19	B2C BRASIL  INTERMEDIACOES LTDA	N	S	S	PRAZO NORMAL	0	NÃO CONTROLA	100	0	0				NF: 11814 / Série: AJUSTE - E											0,001	B2C - PULMAO	B2C BRASIL  INTERMEDIACOES LTDA		13036	20					01/06/2026	01/06/2030	
1D7931	B2C-15	CX B2C 15	420	0	420	161535		01/06/2026 00:00:00	01/06/2030 00:00:00	11/06/2026 07:27:34	11/06/2026 07:27:34	NORMAL	B2C - PULMAO	EMBALAGEM		0	PULMÃO PALETIZADO	0	B2C-15	2000001303601	UN	1	420	0	322264	0	420	2000001303601	UN	1	420	0	0	420	19	B2C BRASIL  INTERMEDIACOES LTDA	N	S	S	PRAZO NORMAL	0	NÃO CONTROLA	100	0	0				NF: 11817 / Série: AJUSTE - E											0,001	B2C - PULMAO	B2C BRASIL  INTERMEDIACOES LTDA		13036	20					01/06/2026	01/06/2030	
1D8131	B2C-15	CX B2C 15	420	0	420	161536		01/06/2026 00:00:00	01/06/2030 00:00:00	11/06/2026 07:27:40	11/06/2026 07:27:40	NORMAL	B2C - PULMAO	EMBALAGEM		0	PULMÃO PALETIZADO	0	B2C-15	2000001303601	UN	1	420	0	322265	0	420	2000001303601	UN	1	420	0	0	420	19	B2C BRASIL  INTERMEDIACOES LTDA	N	S	S	PRAZO NORMAL	0	NÃO CONTROLA	100	0	0				NF: 11818 / Série: AJUSTE - E											0,001	B2C - PULMAO	B2C BRASIL  INTERMEDIACOES LTDA		13036	20					01/06/2026	01/06/2030	
1D8331	B2C-15	CX B2C 15	420	0	420	161537		01/06/2026 00:00:00	01/06/2030 00:00:00	11/06/2026 07:27:45	11/06/2026 07:27:45	NORMAL	B2C - PULMAO	EMBALAGEM		0	PULMÃO PALETIZADO	0	B2C-15	2000001303601	UN	1	420	0	322266	0	420	2000001303601	UN	1	420	0	0	420	19	B2C BRASIL  INTERMEDIACOES LTDA	N	S	S	PRAZO NORMAL	0	NÃO CONTROLA	100	0	0				NF: 11819 / Série: AJUSTE - E											0,001	B2C - PULMAO	B2C BRASIL  INTERMEDIACOES LTDA		13036	20					01/06/2026	01/06/2030	
1D4731	B2C-12	CX B2C 12	1075	0	1075	161544		01/06/2026 00:00:00	01/06/2030 00:00:00	11/06/2026 07:28:31	11/06/2026 07:28:31	NORMAL	B2C - PULMAO	EMBALAGEM		0	PULMÃO PALETIZADO	0	B2C-12	2000001302401	UN	1	1075	0	322274	0	1075	2000001302401	UN	1	1075	0	0	1075	19	B2C BRASIL  INTERMEDIACOES LTDA	N	S	S	PRAZO NORMAL	0	NÃO CONTROLA	100	0	0				NF: 11826 / Série: AJUSTE - E											0,001	B2C - PULMAO	B2C BRASIL  INTERMEDIACOES LTDA		13024	20					01/06/2026	01/06/2030	
1D4741	B2C-10	CX B2C 10	3360	0	3360	161556		01/06/2026 00:00:00	01/06/2030 00:00:00	11/06/2026 07:29:47	11/06/2026 07:29:47	NORMAL	B2C - PULMAO	EMBALAGEM		0	PULMÃO PALETIZADO	0	B2C-10	2000001303101	UN	1	3360	0	322286	0	3360	2000001303101	UN	1	3360	0	0	3360	19	B2C BRASIL  INTERMEDIACOES LTDA	N	S	S	PRAZO NORMAL	0	NÃO CONTROLA	100	0	0				NF: 11838 / Série: AJUSTE - E											0,001	B2C - PULMAO	B2C BRASIL  INTERMEDIACOES LTDA		13031	20					01/06/2026	01/06/2030	
1D0951	B2C-21	CX B2C 21	405	0	405	161404		01/06/2026 00:00:00	01/06/2030 00:00:00	10/06/2026 15:33:38	10/06/2026 15:33:39	NORMAL	B2C - PULMAO	EMBALAGEM		0	PULMÃO PALETIZADO	0	B2C-21	2000001304301	UN	1	405	0	322075	0	405	2000001304301	UN	1	405	0	0	405	19	B2C BRASIL  INTERMEDIACOES LTDA	N	S	S	PRAZO NORMAL	0	NÃO CONTROLA	100	0	0				NF: 11726 / Série: AJUSTE - E											0,001	B2C - PULMAO	B2C BRASIL  INTERMEDIACOES LTDA		13043	20					01/06/2026	01/06/2030	
1D6161	B2C-02	CX B2C 02	3300	0	3300	161575		01/06/2026 00:00:00	01/06/2030 00:00:00	11/06/2026 07:31:47	11/06/2026 07:31:47	NORMAL	B2C - PULMAO	EMBALAGEM		0	PULMÃO PALETIZADO	0	B2C-02	2000001302601	UN	1	3300	0	322307	0	3300	2000001302601	UN	1	3300	0	0	3300	19	B2C BRASIL  INTERMEDIACOES LTDA	N	S	S	PRAZO NORMAL	0	NÃO CONTROLA	100	0	0				NF: 11857 / Série: AJUSTE - E											0,001	B2C - PULMAO	B2C BRASIL  INTERMEDIACOES LTDA		13026	20					01/06/2026	01/06/2030	
1D7341	B2C-08	CX B2C 08	630	0	630	161573		01/06/2026 00:00:00	01/06/2030 00:00:00	11/06/2026 07:31:33	11/06/2026 07:31:33	NORMAL	B2C - PULMAO	EMBALAGEM		0	PULMÃO PALETIZADO	0	B2C-08	2000001303001	UN	1	630	0	322305	0	630	2000001303001	UN	1	630	0	0	630	19	B2C BRASIL  INTERMEDIACOES LTDA	N	S	S	PRAZO NORMAL	0	NÃO CONTROLA	100	0	0				NF: 11855 / Série: AJUSTE - E											0,001	B2C - PULMAO	B2C BRASIL  INTERMEDIACOES LTDA		13030	20					01/06/2026	01/06/2030	
1D1551	B2C-20	CX B2C 20	360	0	360	161492		01/06/2026 00:00:00	01/06/2030 00:00:00	11/06/2026 07:23:01	11/06/2026 07:23:01	NORMAL	B2C - PULMAO	EMBALAGEM		0	PULMÃO PALETIZADO	0	B2C-20	2000001304201	UN	1	360	0	322219	0	360	2000001304201	UN	1	360	0	0	360	19	B2C BRASIL  INTERMEDIACOES LTDA	N	S	S	PRAZO NORMAL	0	NÃO CONTROLA	100	0	0				NF: 11774 / Série: AJUSTE - E											0,001	B2C - PULMAO	B2C BRASIL  INTERMEDIACOES LTDA		13042	20					01/06/2026	01/06/2030	
1D1741	B2C-20	CX B2C 20	360	0	360	161494		01/06/2026 00:00:00	01/06/2030 00:00:00	11/06/2026 07:23:12	11/06/2026 07:23:12	NORMAL	B2C - PULMAO	EMBALAGEM		0	PULMÃO PALETIZADO	0	B2C-20	2000001304201	UN	1	360	0	322221	0	360	2000001304201	UN	1	360	0	0	360	19	B2C BRASIL  INTERMEDIACOES LTDA	N	S	S	PRAZO NORMAL	0	NÃO CONTROLA	100	0	0				NF: 11776 / Série: AJUSTE - E											0,001	B2C - PULMAO	B2C BRASIL  INTERMEDIACOES LTDA		13042	20					01/06/2026	01/06/2030	
1D2141	B2C-20	CX B2C 20	360	0	360	161498		01/06/2026 00:00:00	01/06/2030 00:00:00	11/06/2026 07:23:38	11/06/2026 07:23:38	NORMAL	B2C - PULMAO	EMBALAGEM		0	PULMÃO PALETIZADO	0	B2C-20	2000001304201	UN	1	360	0	322225	0	360	2000001304201	UN	1	360	0	0	360	19	B2C BRASIL  INTERMEDIACOES LTDA	N	S	S	PRAZO NORMAL	0	NÃO CONTROLA	100	0	0				NF: 11780 / Série: AJUSTE - E											0,001	B2C - PULMAO	B2C BRASIL  INTERMEDIACOES LTDA		13042	20					01/06/2026	01/06/2030	
1D4941	B2C-02	CX B2C 02	1200	0	1200	161226		01/06/2026 00:00:00	01/06/2030 00:00:00	09/06/2026 11:07:37	09/06/2026 11:07:37	NORMAL	B2C - PULMAO	EMBALAGEM		0	PULMÃO PALETIZADO	0	B2C-02	2000001302601	UN	1	1200	0	321060	0	1200	2000001302601	UN	1	1200	0	0	1200	19	B2C BRASIL  INTERMEDIACOES LTDA	N	S	S	PRAZO NORMAL	0	NÃO CONTROLA	100	0	0				NF: 11658 / Série: AJUSTE - E											0,001	B2C - PULMAO	B2C BRASIL  INTERMEDIACOES LTDA		13026	20					01/06/2026	01/06/2030	
1D2131	B2C-20	CX B2C 20	360	0	360	161499		01/06/2026 00:00:00	01/06/2030 00:00:00	11/06/2026 07:23:45	11/06/2026 07:23:45	NORMAL	B2C - PULMAO	EMBALAGEM		0	PULMÃO PALETIZADO	0	B2C-20	2000001304201	UN	1	360	0	322226	0	360	2000001304201	UN	1	360	0	0	360	19	B2C BRASIL  INTERMEDIACOES LTDA	N	S	S	PRAZO NORMAL	0	NÃO CONTROLA	100	0	0				NF: 11781 / Série: AJUSTE - E											0,001	B2C - PULMAO	B2C BRASIL  INTERMEDIACOES LTDA		13042	20					01/06/2026	01/06/2030	
1D2121	B2C-20	CX B2C 20	360	0	360	161500		01/06/2026 00:00:00	01/06/2030 00:00:00	11/06/2026 07:23:52	11/06/2026 07:23:52	NORMAL	B2C - PULMAO	EMBALAGEM		0	PULMÃO PALETIZADO	0	B2C-20	2000001304201	UN	1	360	0	322227	0	360	2000001304201	UN	1	360	0	0	360	19	B2C BRASIL  INTERMEDIACOES LTDA	N	S	S	PRAZO NORMAL	0	NÃO CONTROLA	100	0	0				NF: 11782 / Série: AJUSTE - E											0,001	B2C - PULMAO	B2C BRASIL  INTERMEDIACOES LTDA		13042	20					01/06/2026	01/06/2030	
1D2521	B2C-20	CX B2C 20	360	0	360	161503		01/06/2026 00:00:00	01/06/2030 00:00:00	11/06/2026 07:24:11	11/06/2026 07:24:11	NORMAL	B2C - PULMAO	EMBALAGEM		0	PULMÃO PALETIZADO	0	B2C-20	2000001304201	UN	1	360	0	322231	0	360	2000001304201	UN	1	360	0	0	360	19	B2C BRASIL  INTERMEDIACOES LTDA	N	S	S	PRAZO NORMAL	0	NÃO CONTROLA	100	0	0				NF: 11785 / Série: AJUSTE - E											0,001	B2C - PULMAO	B2C BRASIL  INTERMEDIACOES LTDA		13042	20					01/06/2026	01/06/2030	
1D3741	B2C-12	CX B2C 12	1750	0	1750	161543		01/06/2026 00:00:00	01/06/2030 00:00:00	11/06/2026 07:28:24	11/06/2026 07:28:24	NORMAL	B2C - PULMAO	EMBALAGEM		0	PULMÃO PALETIZADO	0	B2C-12	2000001302401	UN	1	1750	0	322272	0	1750	2000001302401	UN	1	1750	0	0	1750	19	B2C BRASIL  INTERMEDIACOES LTDA	N	S	S	PRAZO NORMAL	0	NÃO CONTROLA	100	0	0				NF: 11825 / Série: AJUSTE - E											0,001	B2C - PULMAO	B2C BRASIL  INTERMEDIACOES LTDA		13024	20					01/06/2026	01/06/2030	
1D1121	B2C-21	CX B2C 21	270	0	270	161408		01/06/2026 00:00:00	01/06/2030 00:00:00	10/06/2026 15:35:12	10/06/2026 15:35:12	NORMAL	B2C - PULMAO	EMBALAGEM		0	PULMÃO PALETIZADO	0	B2C-21	2000001304301	UN	1	270	0	322087	0	270	2000001304301	UN	1	270	0	0	270	19	B2C BRASIL  INTERMEDIACOES LTDA	N	S	S	PRAZO NORMAL	0	NÃO CONTROLA	100	0	0				NF: 11730 / Série: AJUSTE - E											0,001	B2C - PULMAO	B2C BRASIL  INTERMEDIACOES LTDA		13043	20					01/06/2026	01/06/2030	
1D2351	B2C-21	CX B2C 21	270	0	270	161413		01/06/2026 00:00:00	01/06/2030 00:00:00	10/06/2026 15:35:48	10/06/2026 15:35:48	NORMAL	B2C - PULMAO	EMBALAGEM		0	PULMÃO PALETIZADO	0	B2C-21	2000001304301	UN	1	270	0	322092	0	270	2000001304301	UN	1	270	0	0	270	19	B2C BRASIL  INTERMEDIACOES LTDA	N	S	S	PRAZO NORMAL	0	NÃO CONTROLA	100	0	0				NF: 11735 / Série: AJUSTE - E											0,001	B2C - PULMAO	B2C BRASIL  INTERMEDIACOES LTDA		13043	20					01/06/2026	01/06/2030	
1D6721	B2C-21	CX B2C 21	120	0	120	161474		01/06/2026 00:00:00	01/06/2030 00:00:00	11/06/2026 07:21:06	11/06/2026 07:21:06	NORMAL	B2C - PULMAO	EMBALAGEM		0	PULMÃO PALETIZADO	0	B2C-21	2000001304301	UN	1	120	0	322200	0	120	2000001304301	UN	1	120	0	0	120	19	B2C BRASIL  INTERMEDIACOES LTDA	N	S	S	PRAZO NORMAL	0	NÃO CONTROLA	100	0	0				NF: 11754 / Série: AJUSTE - E											0,001	B2C - PULMAO	B2C BRASIL  INTERMEDIACOES LTDA		13043	20					01/06/2026	01/06/2030	
1D0561	B2C-20	CX B2C 20	420	0	420	161481		01/06/2026 00:00:00	01/06/2030 00:00:00	11/06/2026 07:21:50	11/06/2026 07:21:50	NORMAL	B2C - PULMAO	EMBALAGEM		0	PULMÃO PALETIZADO	0	B2C-20	2000001304201	UN	1	420	0	322207	0	420	2000001304201	UN	1	420	0	0	420	19	B2C BRASIL  INTERMEDIACOES LTDA	N	S	S	PRAZO NORMAL	0	NÃO CONTROLA	100	0	0				NF: 11763 / Série: AJUSTE - E											0,001	B2C - PULMAO	B2C BRASIL  INTERMEDIACOES LTDA		13042	20					01/06/2026	01/06/2030	
1D0551	B2C-20	CX B2C 20	420	0	420	161482		01/06/2026 00:00:00	01/06/2030 00:00:00	11/06/2026 07:21:56	11/06/2026 07:21:56	NORMAL	B2C - PULMAO	EMBALAGEM		0	PULMÃO PALETIZADO	0	B2C-20	2000001304201	UN	1	420	0	322208	0	420	2000001304201	UN	1	420	0	0	420	19	B2C BRASIL  INTERMEDIACOES LTDA	N	S	S	PRAZO NORMAL	0	NÃO CONTROLA	100	0	0				NF: 11764 / Série: AJUSTE - E											0,001	B2C - PULMAO	B2C BRASIL  INTERMEDIACOES LTDA		13042	20					01/06/2026	01/06/2030	
1D0541	B2C-20	CX B2C 20	450	0	450	161483		01/06/2026 00:00:00	01/06/2030 00:00:00	11/06/2026 07:22:04	11/06/2026 07:22:04	NORMAL	B2C - PULMAO	EMBALAGEM		0	PULMÃO PALETIZADO	0	B2C-20	2000001304201	UN	1	450	0	322210	0	450	2000001304201	UN	1	450	0	0	450	19	B2C BRASIL  INTERMEDIACOES LTDA	N	S	S	PRAZO NORMAL	0	NÃO CONTROLA	100	0	0				NF: 11765 / Série: AJUSTE - E											0,001	B2C - PULMAO	B2C BRASIL  INTERMEDIACOES LTDA		13042	20					01/06/2026	01/06/2030	
1D0731	B2C-20	CX B2C 20	360	0	360	161484		01/06/2026 00:00:00	01/06/2030 00:00:00	11/06/2026 07:22:10	11/06/2026 07:22:10	NORMAL	B2C - PULMAO	EMBALAGEM		0	PULMÃO PALETIZADO	0	B2C-20	2000001304201	UN	1	360	0	322211	0	360	2000001304201	UN	1	360	0	0	360	19	B2C BRASIL  INTERMEDIACOES LTDA	N	S	S	PRAZO NORMAL	0	NÃO CONTROLA	100	0	0				NF: 11766 / Série: AJUSTE - E											0,001	B2C - PULMAO	B2C BRASIL  INTERMEDIACOES LTDA		13042	20					01/06/2026	01/06/2030	
1D1151	B2C-20	CX B2C 20	360	0	360	161487		01/06/2026 00:00:00	01/06/2030 00:00:00	11/06/2026 07:22:29	11/06/2026 07:22:29	NORMAL	B2C - PULMAO	EMBALAGEM		0	PULMÃO PALETIZADO	0	B2C-20	2000001304201	UN	1	360	0	322214	0	360	2000001304201	UN	1	360	0	0	360	19	B2C BRASIL  INTERMEDIACOES LTDA	N	S	S	PRAZO NORMAL	0	NÃO CONTROLA	100	0	0				NF: 11769 / Série: AJUSTE - E											0,001	B2C - PULMAO	B2C BRASIL  INTERMEDIACOES LTDA		13042	20					01/06/2026	01/06/2030	
1D1351	B2C-20	CX B2C 20	360	0	360	161488		01/06/2026 00:00:00	01/06/2030 00:00:00	11/06/2026 07:22:35	11/06/2026 07:22:35	NORMAL	B2C - PULMAO	EMBALAGEM		0	PULMÃO PALETIZADO	0	B2C-20	2000001304201	UN	1	360	0	322215	0	360	2000001304201	UN	1	360	0	0	360	19	B2C BRASIL  INTERMEDIACOES LTDA	N	S	S	PRAZO NORMAL	0	NÃO CONTROLA	100	0	0				NF: 11770 / Série: AJUSTE - E											0,001	B2C - PULMAO	B2C BRASIL  INTERMEDIACOES LTDA		13042	20					01/06/2026	01/06/2030	
1D1331	B2C-20	CX B2C 20	540	0	540	161490		01/06/2026 00:00:00	01/06/2030 00:00:00	11/06/2026 07:22:47	11/06/2026 07:22:47	NORMAL	B2C - PULMAO	EMBALAGEM		0	PULMÃO PALETIZADO	0	B2C-20	2000001304201	UN	1	540	0	322217	0	540	2000001304201	UN	1	540	0	0	540	19	B2C BRASIL  INTERMEDIACOES LTDA	N	S	S	PRAZO NORMAL	0	NÃO CONTROLA	100	0	0				NF: 11772 / Série: AJUSTE - E											0,001	B2C - PULMAO	B2C BRASIL  INTERMEDIACOES LTDA		13042	20					01/06/2026	01/06/2030	
1D1731	B2C-20	CX B2C 20	360	0	360	161495		01/06/2026 00:00:00	01/06/2030 00:00:00	11/06/2026 07:23:20	11/06/2026 07:23:20	NORMAL	B2C - PULMAO	EMBALAGEM		0	PULMÃO PALETIZADO	0	B2C-20	2000001304201	UN	1	360	0	322222	0	360	2000001304201	UN	1	360	0	0	360	19	B2C BRASIL  INTERMEDIACOES LTDA	N	S	S	PRAZO NORMAL	0	NÃO CONTROLA	100	0	0				NF: 11777 / Série: AJUSTE - E											0,001	B2C - PULMAO	B2C BRASIL  INTERMEDIACOES LTDA		13042	20					01/06/2026	01/06/2030	
1D3721	B2C-20	CX B2C 20	360	0	360	161513		01/06/2026 00:00:00	01/06/2030 00:00:00	11/06/2026 07:25:13	11/06/2026 07:25:13	NORMAL	B2C - PULMAO	EMBALAGEM		0	PULMÃO PALETIZADO	0	B2C-20	2000001304201	UN	1	360	0	322241	0	360	2000001304201	UN	1	360	0	0	360	19	B2C BRASIL  INTERMEDIACOES LTDA	N	S	S	PRAZO NORMAL	0	NÃO CONTROLA	100	0	0				NF: 11795 / Série: AJUSTE - E											0,001	B2C - PULMAO	B2C BRASIL  INTERMEDIACOES LTDA		13042	20					01/06/2026	01/06/2030	
1D7161	B2C-19	CX B2C 19	609	0	609	161518		01/06/2026 00:00:00	01/06/2030 00:00:00	11/06/2026 07:25:45	11/06/2026 07:25:45	NORMAL	B2C - PULMAO	EMBALAGEM		0	PULMÃO PALETIZADO	0	B2C-19	2000001304101	UN	1	609	0	322246	0	609	2000001304101	UN	1	609	0	0	609	19	B2C BRASIL  INTERMEDIACOES LTDA	N	S	S	PRAZO NORMAL	0	NÃO CONTROLA	100	0	0				NF: 11800 / Série: AJUSTE - E											0,001	B2C - PULMAO	B2C BRASIL  INTERMEDIACOES LTDA		13041	20					01/06/2026	01/06/2030	
1D6541	B2C-15	CX B2C 15	420	0	420	161527		01/06/2026 00:00:00	01/06/2030 00:00:00	11/06/2026 07:26:43	11/06/2026 07:26:43	NORMAL	B2C - PULMAO	EMBALAGEM		0	PULMÃO PALETIZADO	0	B2C-15	2000001303601	UN	1	420	0	322256	0	420	2000001303601	UN	1	420	0	0	420	19	B2C BRASIL  INTERMEDIACOES LTDA	N	S	S	PRAZO NORMAL	0	NÃO CONTROLA	100	0	0				NF: 11809 / Série: AJUSTE - E											0,001	B2C - PULMAO	B2C BRASIL  INTERMEDIACOES LTDA		13036	20					01/06/2026	01/06/2030	
1D6941	B2C-15	CX B2C 15	420	0	420	161529		01/06/2026 00:00:00	01/06/2030 00:00:00	11/06/2026 07:26:55	11/06/2026 07:26:55	NORMAL	B2C - PULMAO	EMBALAGEM		0	PULMÃO PALETIZADO	0	B2C-15	2000001303601	UN	1	420	0	322258	0	420	2000001303601	UN	1	420	0	0	420	19	B2C BRASIL  INTERMEDIACOES LTDA	N	S	S	PRAZO NORMAL	0	NÃO CONTROLA	100	0	0				NF: 11811 / Série: AJUSTE - E											0,001	B2C - PULMAO	B2C BRASIL  INTERMEDIACOES LTDA		13036	20					01/06/2026	01/06/2030	
1D3551	B2C-08	CX B2C 08	720	0	720	161567		01/06/2026 00:00:00	01/06/2030 00:00:00	11/06/2026 07:30:56	11/06/2026 07:30:56	NORMAL	B2C - PULMAO	EMBALAGEM		0	PULMÃO PALETIZADO	0	B2C-08	2000001303001	UN	1	720	0	322298	0	720	2000001303001	UN	1	720	0	0	720	19	B2C BRASIL  INTERMEDIACOES LTDA	N	S	S	PRAZO NORMAL	0	NÃO CONTROLA	100	0	0				NF: 11849 / Série: AJUSTE - E											0,001	B2C - PULMAO	B2C BRASIL  INTERMEDIACOES LTDA		13030	20					01/06/2026	01/06/2030	
1D3521	B2C-08	CX B2C 08	810	0	810	161568		01/06/2026 00:00:00	01/06/2030 00:00:00	11/06/2026 07:31:03	11/06/2026 07:31:03	NORMAL	B2C - PULMAO	EMBALAGEM		0	PULMÃO PALETIZADO	0	B2C-08	2000001303001	UN	1	810	0	322299	0	810	2000001303001	UN	1	810	0	0	810	19	B2C BRASIL  INTERMEDIACOES LTDA	N	S	S	PRAZO NORMAL	0	NÃO CONTROLA	100	0	0				NF: 11850 / Série: AJUSTE - E											0,001	B2C - PULMAO	B2C BRASIL  INTERMEDIACOES LTDA		13030	20					01/06/2026	01/06/2030	
1D7141	B2C-08	CX B2C 08	540	0	540	161571		01/06/2026 00:00:00	01/06/2030 00:00:00	11/06/2026 07:31:22	11/06/2026 07:31:22	NORMAL	B2C - PULMAO	EMBALAGEM		0	PULMÃO PALETIZADO	0	B2C-08	2000001303001	UN	1	540	0	322302	0	540	2000001303001	UN	1	540	0	0	540	19	B2C BRASIL  INTERMEDIACOES LTDA	N	S	S	PRAZO NORMAL	0	NÃO CONTROLA	100	0	0				NF: 11853 / Série: AJUSTE - E											0,001	B2C - PULMAO	B2C BRASIL  INTERMEDIACOES LTDA		13030	20					01/06/2026	01/06/2030	
1D7131	B2C-08	CX B2C 08	615	0	615	161572		01/06/2026 00:00:00	01/06/2030 00:00:00	11/06/2026 07:31:28	11/06/2026 07:31:28	NORMAL	B2C - PULMAO	EMBALAGEM		0	PULMÃO PALETIZADO	0	B2C-08	2000001303001	UN	1	615	0	322304	0	615	2000001303001	UN	1	615	0	0	615	19	B2C BRASIL  INTERMEDIACOES LTDA	N	S	S	PRAZO NORMAL	0	NÃO CONTROLA	100	0	0				NF: 11854 / Série: AJUSTE - E											0,001	B2C - PULMAO	B2C BRASIL  INTERMEDIACOES LTDA		13030	20					01/06/2026	01/06/2030	
1D3141	B2C-21	CX B2C 21	360	0	360	161463		01/06/2026 00:00:00	01/06/2030 00:00:00	11/06/2026 07:18:54	11/06/2026 07:18:54	NORMAL	B2C - PULMAO	EMBALAGEM		0	PULMÃO PALETIZADO	0	B2C-21	2000001304301	UN	1	360	0	322188	0	360	2000001304301	UN	1	360	0	0	360	19	B2C BRASIL  INTERMEDIACOES LTDA	N	S	S	PRAZO NORMAL	0	NÃO CONTROLA	100	0	0				NF: 11743 / Série: AJUSTE - E											0,001	B2C - PULMAO	B2C BRASIL  INTERMEDIACOES LTDA		13043	20					01/06/2026	01/06/2030	
1D4361	B2C-21	CX B2C 21	360	0	360	161466		01/06/2026 00:00:00	01/06/2030 00:00:00	11/06/2026 07:19:44	11/06/2026 07:19:44	NORMAL	B2C - PULMAO	EMBALAGEM		0	PULMÃO PALETIZADO	0	B2C-21	2000001304301	UN	1	360	0	322191	0	360	2000001304301	UN	1	360	0	0	360	19	B2C BRASIL  INTERMEDIACOES LTDA	N	S	S	PRAZO NORMAL	0	NÃO CONTROLA	100	0	0				NF: 11746 / Série: AJUSTE - E											0,001	B2C - PULMAO	B2C BRASIL  INTERMEDIACOES LTDA		13043	20					01/06/2026	01/06/2030	
1D4551	B2C-21	CX B2C 21	315	0	315	161467		01/06/2026 00:00:00	01/06/2030 00:00:00	11/06/2026 07:19:52	11/06/2026 07:19:52	NORMAL	B2C - PULMAO	EMBALAGEM		0	PULMÃO PALETIZADO	0	B2C-21	2000001304301	UN	1	315	0	322192	0	315	2000001304301	UN	1	315	0	0	315	19	B2C BRASIL  INTERMEDIACOES LTDA	N	S	S	PRAZO NORMAL	0	NÃO CONTROLA	100	0	0				NF: 11747 / Série: AJUSTE - E											0,001	B2C - PULMAO	B2C BRASIL  INTERMEDIACOES LTDA		13043	20					01/06/2026	01/06/2030	
1D5361	B2C-21	CX B2C 21	315	0	315	161468		01/06/2026 00:00:00	01/06/2030 00:00:00	11/06/2026 07:19:58	11/06/2026 07:19:58	NORMAL	B2C - PULMAO	EMBALAGEM		0	PULMÃO PALETIZADO	0	B2C-21	2000001304301	UN	1	315	0	322193	0	315	2000001304301	UN	1	315	0	0	315	19	B2C BRASIL  INTERMEDIACOES LTDA	N	S	S	PRAZO NORMAL	0	NÃO CONTROLA	100	0	0				NF: 11748 / Série: AJUSTE - E											0,001	B2C - PULMAO	B2C BRASIL  INTERMEDIACOES LTDA		13043	20					01/06/2026	01/06/2030	
1D1751	B2C-21	CX B2C 21	210	0	210	161409		01/06/2026 00:00:00	01/06/2030 00:00:00	10/06/2026 15:35:16	10/06/2026 15:35:16	NORMAL	B2C - PULMAO	EMBALAGEM		0	PULMÃO PALETIZADO	0	B2C-21	2000001304301	UN	1	210	0	322088	0	210	2000001304301	UN	1	210	0	0	210	19	B2C BRASIL  INTERMEDIACOES LTDA	N	S	S	PRAZO NORMAL	0	NÃO CONTROLA	100	0	0				NF: 11731 / Série: AJUSTE - E											0,001	B2C - PULMAO	B2C BRASIL  INTERMEDIACOES LTDA		13043	20					01/06/2026	01/06/2030	
1D1721	B2C-21	CX B2C 21	405	0	405	161410		01/06/2026 00:00:00	01/06/2030 00:00:00	10/06/2026 15:35:20	10/06/2026 15:35:20	NORMAL	B2C - PULMAO	EMBALAGEM		0	PULMÃO PALETIZADO	0	B2C-21	2000001304301	UN	1	405	0	322089	0	405	2000001304301	UN	1	405	0	0	405	19	B2C BRASIL  INTERMEDIACOES LTDA	N	S	S	PRAZO NORMAL	0	NÃO CONTROLA	100	0	0				NF: 11732 / Série: AJUSTE - E											0,001	B2C - PULMAO	B2C BRASIL  INTERMEDIACOES LTDA		13043	20					01/06/2026	01/06/2030	
1D1951	B2C-21	CX B2C 21	270	0	270	161411		01/06/2026 00:00:00	01/06/2030 00:00:00	10/06/2026 15:35:32	10/06/2026 15:35:32	NORMAL	B2C - PULMAO	EMBALAGEM		0	PULMÃO PALETIZADO	0	B2C-21	2000001304301	UN	1	270	0	322090	0	270	2000001304301	UN	1	270	0	0	270	19	B2C BRASIL  INTERMEDIACOES LTDA	N	S	S	PRAZO NORMAL	0	NÃO CONTROLA	100	0	0				NF: 11733 / Série: AJUSTE - E											0,001	B2C - PULMAO	B2C BRASIL  INTERMEDIACOES LTDA		13043	20					01/06/2026	01/06/2030	
1D3151	B2C-21	CX B2C 21	270	0	270	161461		01/06/2026 00:00:00	01/06/2030 00:00:00	11/06/2026 07:17:45	11/06/2026 07:17:45	NORMAL	B2C - PULMAO	EMBALAGEM		0	PULMÃO PALETIZADO	0	B2C-21	2000001304301	UN	1	270	0	322185	0	270	2000001304301	UN	1	270	0	0	270	19	B2C BRASIL  INTERMEDIACOES LTDA	N	S	S	PRAZO NORMAL	0	NÃO CONTROLA	100	0	0				NF: 11741 / Série: AJUSTE - E											0,001	B2C - PULMAO	B2C BRASIL  INTERMEDIACOES LTDA		13043	20					01/06/2026	01/06/2030	
1D5921	B2C-21	CX B2C 21	270	0	270	161470		01/06/2026 00:00:00	01/06/2030 00:00:00	11/06/2026 07:20:40	11/06/2026 07:20:40	NORMAL	B2C - PULMAO	EMBALAGEM		0	PULMÃO PALETIZADO	0	B2C-21	2000001304301	UN	1	270	0	322196	0	270	2000001304301	UN	1	270	0	0	270	19	B2C BRASIL  INTERMEDIACOES LTDA	N	S	S	PRAZO NORMAL	0	NÃO CONTROLA	100	0	0				NF: 11750 / Série: AJUSTE - E											0,001	B2C - PULMAO	B2C BRASIL  INTERMEDIACOES LTDA		13043	20					01/06/2026	01/06/2030	
1D6731	B2C-08	CX B2C 08	630	0	630	161569				11/06/2026 07:31:08	11/06/2026 07:31:08	NORMAL	B2C - PULMAO	EMBALAGEM		0	PULMÃO PALETIZADO	0	B2C-08	2000001303001	UN	1	630	0	322300	0	630	2000001303001	UN	1	630	0	0	630	19	B2C BRASIL  INTERMEDIACOES LTDA	N	S	S	NÃO COLETADO	0	NÃO CONTROLA	100	0	0				NF: 11851 / Série: AJUSTE - E											0,001	B2C - PULMAO	B2C BRASIL  INTERMEDIACOES LTDA		13030	20							
1D1131	B2C-20	CX B2C 20	540	0	540	161394		01/06/2026 00:00:00	01/06/2030 00:00:00	10/06/2026 15:01:40	10/06/2026 15:01:40	NORMAL	B2C - PULMAO	EMBALAGEM		0	PULMÃO PALETIZADO	0	B2C-20	2000001304201	UN	1	540	0	322012	0	540	2000001304201	UN	1	540	0	0	540	19	B2C BRASIL  INTERMEDIACOES LTDA	N	S	S	PRAZO NORMAL	0	NÃO CONTROLA	100	0	0				NF: 11716 / Série: AJUSTE - E											0,001	B2C - PULMAO	B2C BRASIL  INTERMEDIACOES LTDA		13042	20					01/06/2026	01/06/2030	
1D6931	B2C-08	CX B2C 08	630	0	630	161570		01/06/2026 00:00:00	01/06/2030 00:00:00	11/06/2026 07:31:14	11/06/2026 07:31:14	NORMAL	B2C - PULMAO	EMBALAGEM		0	PULMÃO PALETIZADO	0	B2C-08	2000001303001	UN	1	630	0	322301	0	630	2000001303001	UN	1	630	0	0	630	19	B2C BRASIL  INTERMEDIACOES LTDA	N	S	S	PRAZO NORMAL	0	NÃO CONTROLA	100	0	0				NF: 11852 / Série: AJUSTE - E											0,001	B2C - PULMAO	B2C BRASIL  INTERMEDIACOES LTDA		13030	20					01/06/2026	01/06/2030	
1D7541	B2C-08	CX B2C 08	630	0	630	161574		01/06/2026 00:00:00	01/06/2030 00:00:00	11/06/2026 07:31:39	11/06/2026 07:31:39	NORMAL	B2C - PULMAO	EMBALAGEM		0	PULMÃO PALETIZADO	0	B2C-08	2000001303001	UN	1	630	0	322306	0	630	2000001303001	UN	1	630	0	0	630	19	B2C BRASIL  INTERMEDIACOES LTDA	N	S	S	PRAZO NORMAL	0	NÃO CONTROLA	100	0	0				NF: 11856 / Série: AJUSTE - E											0,001	B2C - PULMAO	B2C BRASIL  INTERMEDIACOES LTDA		13030	20					01/06/2026	01/06/2030	
1D1141	B2C-21	CX B2C 21	405	0	405	161407		01/06/2026 00:00:00	01/06/2030 00:00:00	10/06/2026 15:34:37	10/06/2026 15:34:37	NORMAL	B2C - PULMAO	EMBALAGEM		0	PULMÃO PALETIZADO	0	B2C-21	2000001304301	UN	1	405	0	322086	0	405	2000001304301	UN	1	405	0	0	405	19	B2C BRASIL  INTERMEDIACOES LTDA	N	S	S	PRAZO NORMAL	0	NÃO CONTROLA	100	0	0				NF: 11729 / Série: AJUSTE - E											0,001	B2C - PULMAO	B2C BRASIL  INTERMEDIACOES LTDA		13043	20					01/06/2026	01/06/2030	
1D1921	B2C-21	CX B2C 21	405	0	405	161412		01/06/2026 00:00:00	01/06/2030 00:00:00	10/06/2026 15:35:37	10/06/2026 15:35:37	NORMAL	B2C - PULMAO	EMBALAGEM		0	PULMÃO PALETIZADO	0	B2C-21	2000001304301	UN	1	405	0	322091	0	405	2000001304301	UN	1	405	0	0	405	19	B2C BRASIL  INTERMEDIACOES LTDA	N	S	S	PRAZO NORMAL	0	NÃO CONTROLA	100	0	0				NF: 11734 / Série: AJUSTE - E											0,001	B2C - PULMAO	B2C BRASIL  INTERMEDIACOES LTDA		13043	20					01/06/2026	01/06/2030	
1D2341	B2C-21	CX B2C 21	315	0	315	161460		01/06/2026 00:00:00	01/06/2030 00:00:00	11/06/2026 07:17:38	11/06/2026 07:17:38	NORMAL	B2C - PULMAO	EMBALAGEM		0	PULMÃO PALETIZADO	0	B2C-21	2000001304301	UN	1	315	0	322184	0	315	2000001304301	UN	1	315	0	0	315	19	B2C BRASIL  INTERMEDIACOES LTDA	N	S	S	PRAZO NORMAL	0	NÃO CONTROLA	100	0	0				NF: 11740 / Série: AJUSTE - E											0,001	B2C - PULMAO	B2C BRASIL  INTERMEDIACOES LTDA		13043	20					01/06/2026	01/06/2030	
1D2321	B2C-21	CX B2C 21	315	0	315	161462		01/06/2026 00:00:00	01/06/2030 00:00:00	11/06/2026 07:17:51	11/06/2026 07:17:51	NORMAL	B2C - PULMAO	EMBALAGEM		0	PULMÃO PALETIZADO	0	B2C-21	2000001304301	UN	1	315	0	322186	0	315	2000001304301	UN	1	315	0	0	315	19	B2C BRASIL  INTERMEDIACOES LTDA	N	S	S	PRAZO NORMAL	0	NÃO CONTROLA	100	0	0				NF: 11742 / Série: AJUSTE - E											0,001	B2C - PULMAO	B2C BRASIL  INTERMEDIACOES LTDA		13043	20					01/06/2026	01/06/2030	
1D1531	B2C-20	CX B2C 20	540	0	540	161493		01/06/2026 00:00:00	01/06/2030 00:00:00	11/06/2026 07:23:06	11/06/2026 07:23:06	NORMAL	B2C - PULMAO	EMBALAGEM		0	PULMÃO PALETIZADO	0	B2C-20	2000001304201	UN	1	540	0	322220	0	540	2000001304201	UN	1	540	0	0	540	19	B2C BRASIL  INTERMEDIACOES LTDA	N	S	S	PRAZO NORMAL	0	NÃO CONTROLA	100	0	0				NF: 11775 / Série: AJUSTE - E											0,001	B2C - PULMAO	B2C BRASIL  INTERMEDIACOES LTDA		13042	20					01/06/2026	01/06/2030	
1D1931	B2C-20	CX B2C 20	360	0	360	161497		01/06/2026 00:00:00	01/06/2030 00:00:00	11/06/2026 07:23:32	11/06/2026 07:23:32	NORMAL	B2C - PULMAO	EMBALAGEM		0	PULMÃO PALETIZADO	0	B2C-20	2000001304201	UN	1	360	0	322224	0	360	2000001304201	UN	1	360	0	0	360	19	B2C BRASIL  INTERMEDIACOES LTDA	N	S	S	PRAZO NORMAL	0	NÃO CONTROLA	100	0	0				NF: 11779 / Série: AJUSTE - E											0,001	B2C - PULMAO	B2C BRASIL  INTERMEDIACOES LTDA		13042	20					01/06/2026	01/06/2030	
1D2531	B2C-20	CX B2C 20	480	0	480	161502		01/06/2026 00:00:00	01/06/2030 00:00:00	11/06/2026 07:24:03	11/06/2026 07:24:03	NORMAL	B2C - PULMAO	EMBALAGEM		0	PULMÃO PALETIZADO	0	B2C-20	2000001304201	UN	1	480	0	322229	0	480	2000001304201	UN	1	480	0	0	480	19	B2C BRASIL  INTERMEDIACOES LTDA	N	S	S	PRAZO NORMAL	0	NÃO CONTROLA	100	0	0				NF: 11784 / Série: AJUSTE - E											0,001	B2C - PULMAO	B2C BRASIL  INTERMEDIACOES LTDA		13042	20					01/06/2026	01/06/2030	
1D3121	B2C-20	CX B2C 20	244	0	244	161507		01/06/2026 00:00:00	01/06/2030 00:00:00	11/06/2026 07:24:36	11/06/2026 07:24:36	NORMAL	B2C - PULMAO	EMBALAGEM		0	PULMÃO PALETIZADO	0	B2C-20	2000001304201	UN	1	244	0	322235	0	244	2000001304201	UN	1	244	0	0	244	19	B2C BRASIL  INTERMEDIACOES LTDA	N	S	S	PRAZO NORMAL	0	NÃO CONTROLA	100	0	0				NF: 11789 / Série: AJUSTE - E											0,001	B2C - PULMAO	B2C BRASIL  INTERMEDIACOES LTDA		13042	20					01/06/2026	01/06/2030	
1D3731	B2C-20	CX B2C 20	345	0	345	161512		01/06/2026 00:00:00	01/06/2030 00:00:00	11/06/2026 07:25:08	11/06/2026 07:25:08	NORMAL	B2C - PULMAO	EMBALAGEM		0	PULMÃO PALETIZADO	0	B2C-20	2000001304201	UN	1	345	0	322240	0	345	2000001304201	UN	1	345	0	0	345	19	B2C BRASIL  INTERMEDIACOES LTDA	N	S	S	PRAZO NORMAL	0	NÃO CONTROLA	100	0	0				NF: 11794 / Série: AJUSTE - E											0,001	B2C - PULMAO	B2C BRASIL  INTERMEDIACOES LTDA		13042	20					01/06/2026	01/06/2030	
1D5721	B2C-20	CX B2C 20	120	0	120	161515		01/06/2026 00:00:00	01/06/2030 00:00:00	11/06/2026 07:25:27	11/06/2026 07:25:27	NORMAL	B2C - PULMAO	EMBALAGEM		0	PULMÃO PALETIZADO	0	B2C-20	2000001304201	UN	1	120	0	322243	0	120	2000001304201	UN	1	120	0	0	120	19	B2C BRASIL  INTERMEDIACOES LTDA	N	S	S	PRAZO NORMAL	0	NÃO CONTROLA	100	0	0				NF: 11797 / Série: AJUSTE - E											0,001	B2C - PULMAO	B2C BRASIL  INTERMEDIACOES LTDA		13042	20					01/06/2026	01/06/2030	
1D5321	B2C-17	CX B2C 17	420	0	420	161521		01/06/2026 00:00:00	01/06/2030 00:00:00	11/06/2026 07:26:04	11/06/2026 07:26:04	NORMAL	B2C - PULMAO	EMBALAGEM		0	PULMÃO PALETIZADO	0	B2C-17	2000001303901	UN	1	420	0	322250	0	420	2000001303901	UN	1	420	0	0	420	19	B2C BRASIL  INTERMEDIACOES LTDA	N	S	S	PRAZO NORMAL	0	NÃO CONTROLA	100	0	0				NF: 11803 / Série: AJUSTE - E											0,001	B2C - PULMAO	B2C BRASIL  INTERMEDIACOES LTDA		13039	20					01/06/2026	01/06/2030	
1D3531	B2C-15	CX B2C 15	300	0	300	161522		01/06/2026 00:00:00	01/06/2030 00:00:00	11/06/2026 07:26:10	11/06/2026 07:26:10	NORMAL	B2C - PULMAO	EMBALAGEM		0	PULMÃO PALETIZADO	0	B2C-15	2000001303601	UN	1	300	0	322251	0	300	2000001303601	UN	1	300	0	0	300	19	B2C BRASIL  INTERMEDIACOES LTDA	N	S	S	PRAZO NORMAL	0	NÃO CONTROLA	100	0	0				NF: 11804 / Série: AJUSTE - E											0,001	B2C - PULMAO	B2C BRASIL  INTERMEDIACOES LTDA		13036	20					01/06/2026	01/06/2030	
1D4141	B2C-15	CX B2C 15	255	0	255	161523		01/06/2026 00:00:00	01/06/2030 00:00:00	11/06/2026 07:26:18	11/06/2026 07:26:18	NORMAL	B2C - PULMAO	EMBALAGEM		0	PULMÃO PALETIZADO	0	B2C-15	2000001303601	UN	1	255	0	322252	0	255	2000001303601	UN	1	255	0	0	255	19	B2C BRASIL  INTERMEDIACOES LTDA	N	S	S	PRAZO NORMAL	0	NÃO CONTROLA	100	0	0				NF: 11805 / Série: AJUSTE - E											0,001	B2C - PULMAO	B2C BRASIL  INTERMEDIACOES LTDA		13036	20					01/06/2026	01/06/2030	
1D4921	B2C-15	CX B2C 15	420	0	420	161524		01/06/2026 00:00:00	01/06/2030 00:00:00	11/06/2026 07:26:24	11/06/2026 07:26:24	NORMAL	B2C - PULMAO	EMBALAGEM		0	PULMÃO PALETIZADO	0	B2C-15	2000001303601	UN	1	420	0	322253	0	420	2000001303601	UN	1	420	0	0	420	19	B2C BRASIL  INTERMEDIACOES LTDA	N	S	S	PRAZO NORMAL	0	NÃO CONTROLA	100	0	0				NF: 11806 / Série: AJUSTE - E											0,001	B2C - PULMAO	B2C BRASIL  INTERMEDIACOES LTDA		13036	20					01/06/2026	01/06/2030	
1D6141	B2C-15	CX B2C 15	280	0	280	161525		01/06/2026 00:00:00	01/06/2030 00:00:00	11/06/2026 07:26:29	11/06/2026 07:26:29	NORMAL	B2C - PULMAO	EMBALAGEM		0	PULMÃO PALETIZADO	0	B2C-15	2000001303601	UN	1	280	0	322254	0	280	2000001303601	UN	1	280	0	0	280	19	B2C BRASIL  INTERMEDIACOES LTDA	N	S	S	PRAZO NORMAL	0	NÃO CONTROLA	100	0	0				NF: 11807 / Série: AJUSTE - E											0,001	B2C - PULMAO	B2C BRASIL  INTERMEDIACOES LTDA		13036	20					01/06/2026	01/06/2030	
1D6341	B2C-15	CX B2C 15	420	0	420	161526		01/06/2026 00:00:00	01/06/2030 00:00:00	11/06/2026 07:26:35	11/06/2026 07:26:35	NORMAL	B2C - PULMAO	EMBALAGEM		0	PULMÃO PALETIZADO	0	B2C-15	2000001303601	UN	1	420	0	322255	0	420	2000001303601	UN	1	420	0	0	420	19	B2C BRASIL  INTERMEDIACOES LTDA	N	S	S	PRAZO NORMAL	0	NÃO CONTROLA	100	0	0				NF: 11808 / Série: AJUSTE - E											0,001	B2C - PULMAO	B2C BRASIL  INTERMEDIACOES LTDA		13036	20					01/06/2026	01/06/2030	
1D6741	B2C-15	CX B2C 15	420	0	420	161528		01/06/2026 00:00:00	01/06/2030 00:00:00	11/06/2026 07:26:49	11/06/2026 07:26:49	NORMAL	B2C - PULMAO	EMBALAGEM		0	PULMÃO PALETIZADO	0	B2C-15	2000001303601	UN	1	420	0	322257	0	420	2000001303601	UN	1	420	0	0	420	19	B2C BRASIL  INTERMEDIACOES LTDA	N	S	S	PRAZO NORMAL	0	NÃO CONTROLA	100	0	0				NF: 11810 / Série: AJUSTE - E											0,001	B2C - PULMAO	B2C BRASIL  INTERMEDIACOES LTDA		13036	20					01/06/2026	01/06/2030	
1D6921	B2C-15	CX B2C 15	420	0	420	161530		01/06/2026 00:00:00	01/06/2030 00:00:00	11/06/2026 07:27:01	11/06/2026 07:27:01	NORMAL	B2C - PULMAO	EMBALAGEM		0	PULMÃO PALETIZADO	0	B2C-15	2000001303601	UN	1	420	0	322259	0	420	2000001303601	UN	1	420	0	0	420	19	B2C BRASIL  INTERMEDIACOES LTDA	N	S	S	PRAZO NORMAL	0	NÃO CONTROLA	100	0	0				NF: 11812 / Série: AJUSTE - E											0,001	B2C - PULMAO	B2C BRASIL  INTERMEDIACOES LTDA		13036	20					01/06/2026	01/06/2030	
1D7531	B2C-15	CX B2C 15	420	0	420	161533		01/06/2026 00:00:00	01/06/2030 00:00:00	11/06/2026 07:27:20	11/06/2026 07:27:20	NORMAL	B2C - PULMAO	EMBALAGEM		0	PULMÃO PALETIZADO	0	B2C-15	2000001303601	UN	1	420	0	322262	0	420	2000001303601	UN	1	420	0	0	420	19	B2C BRASIL  INTERMEDIACOES LTDA	N	S	S	PRAZO NORMAL	0	NÃO CONTROLA	100	0	0				NF: 11815 / Série: AJUSTE - E											0,001	B2C - PULMAO	B2C BRASIL  INTERMEDIACOES LTDA		13036	20					01/06/2026	01/06/2030	
1D2741	B2C-12	CX B2C 12	1750	0	1750	161540		01/06/2026 00:00:00	01/06/2030 00:00:00	11/06/2026 07:28:05	11/06/2026 07:28:05	NORMAL	B2C - PULMAO	EMBALAGEM		0	PULMÃO PALETIZADO	0	B2C-12	2000001302401	UN	1	1750	0	322269	0	1750	2000001302401	UN	1	1750	0	0	1750	19	B2C BRASIL  INTERMEDIACOES LTDA	N	S	S	PRAZO NORMAL	0	NÃO CONTROLA	100	0	0				NF: 11822 / Série: AJUSTE - E											0,001	B2C - PULMAO	B2C BRASIL  INTERMEDIACOES LTDA		13024	20					01/06/2026	01/06/2030	
1D2931	B2C-12	CX B2C 12	1750	0	1750	161541		01/06/2026 00:00:00	01/06/2030 00:00:00	11/06/2026 07:28:11	11/06/2026 07:28:11	NORMAL	B2C - PULMAO	EMBALAGEM		0	PULMÃO PALETIZADO	0	B2C-12	2000001302401	UN	1	1750	0	322270	0	1750	2000001302401	UN	1	1750	0	0	1750	19	B2C BRASIL  INTERMEDIACOES LTDA	N	S	S	PRAZO NORMAL	0	NÃO CONTROLA	100	0	0				NF: 11823 / Série: AJUSTE - E											0,001	B2C - PULMAO	B2C BRASIL  INTERMEDIACOES LTDA		13024	20					01/06/2026	01/06/2030	
1D2931	B2C-12	CX B2C 12	1200	0	1200	161542		01/06/2026 00:00:00	01/06/2030 00:00:00	11/06/2026 07:28:17	11/06/2026 07:28:17	NORMAL	B2C - PULMAO	EMBALAGEM		0	PULMÃO PALETIZADO	0	B2C-12	2000001302401	UN	1	1200	0	322271	0	1200	2000001302401	UN	1	1200	0	0	1200	19	B2C BRASIL  INTERMEDIACOES LTDA	N	S	S	PRAZO NORMAL	0	NÃO CONTROLA	100	0	0				NF: 11824 / Série: AJUSTE - E											0,001	B2C - PULMAO	B2C BRASIL  INTERMEDIACOES LTDA		13024	20					01/06/2026	01/06/2030	
1D3961	B2C-08	CX B2C 08	990	0	990	161828		01/06/2026 00:00:00	01/06/2030 00:00:00	15/06/2026 15:25:27	15/06/2026 15:25:27	NORMAL	B2C - PULMAO	EMBALAGEM		0	PULMÃO PALETIZADO	0	B2C-08	2000001303001	UN	1	990	0	323601	0	990	2000001303001	UN	1	990	0	0	990	19	B2C BRASIL  INTERMEDIACOES LTDA	N	S	S	PRAZO NORMAL	0	NÃO CONTROLA	100	0	0				NF: 11968 / Série: AJUSTE - E											0,001	B2C - PULMAO	B2C BRASIL  INTERMEDIACOES LTDA		13030	20					01/06/2026	01/06/2030	
1D4721	B2C-11	CX B2C 11	1925	0	1925	161546		01/06/2026 00:00:00	01/06/2030 00:00:00	11/06/2026 07:28:42	11/06/2026 07:28:42	NORMAL	B2C - PULMAO	EMBALAGEM		0	PULMÃO PALETIZADO	0	B2C-11	2000001303201	UN	1	1925	0	322276	0	1925	2000001303201	UN	1	1925	0	0	1925	19	B2C BRASIL  INTERMEDIACOES LTDA	N	S	S	PRAZO NORMAL	0	NÃO CONTROLA	100	0	0				NF: 11828 / Série: AJUSTE - E											0,001	B2C - PULMAO	B2C BRASIL  INTERMEDIACOES LTDA		13032	20					01/06/2026	01/06/2030	
1D5961	B2C-11	CX B2C 11	2853	0	2853	161551		01/06/2026 00:00:00	01/06/2030 00:00:00	11/06/2026 07:29:15	11/06/2026 07:29:15	NORMAL	B2C - PULMAO	EMBALAGEM		0	PULMÃO PALETIZADO	0	B2C-11	2000001303201	UN	1	2853	0	322281	0	2853	2000001303201	UN	1	2853	0	0	2853	19	B2C BRASIL  INTERMEDIACOES LTDA	N	S	S	PRAZO NORMAL	0	NÃO CONTROLA	100	0	0				NF: 11833 / Série: AJUSTE - E											0,001	B2C - PULMAO	B2C BRASIL  INTERMEDIACOES LTDA		13032	20					01/06/2026	01/06/2030	
1D5941	B2C-11	CX B2C 11	1925	0	1925	161552		01/06/2026 00:00:00	01/06/2030 00:00:00	11/06/2026 07:29:21	11/06/2026 07:29:21	NORMAL	B2C - PULMAO	EMBALAGEM		0	PULMÃO PALETIZADO	0	B2C-11	2000001303201	UN	1	1925	0	322282	0	1925	2000001303201	UN	1	1925	0	0	1925	19	B2C BRASIL  INTERMEDIACOES LTDA	N	S	S	PRAZO NORMAL	0	NÃO CONTROLA	100	0	0				NF: 11834 / Série: AJUSTE - E											0,001	B2C - PULMAO	B2C BRASIL  INTERMEDIACOES LTDA		13032	20					01/06/2026	01/06/2030	
1D6961	B2C-11	CX B2C 11	3150	0	3150	161554		01/06/2026 00:00:00	01/06/2030 00:00:00	11/06/2026 07:29:33	11/06/2026 07:29:33	NORMAL	B2C - PULMAO	EMBALAGEM		0	PULMÃO PALETIZADO	0	B2C-11	2000001303201	UN	1	3150	0	322284	0	3150	2000001303201	UN	1	3150	0	0	3150	19	B2C BRASIL  INTERMEDIACOES LTDA	N	S	S	PRAZO NORMAL	0	NÃO CONTROLA	100	0	0				NF: 11836 / Série: AJUSTE - E											0,001	B2C - PULMAO	B2C BRASIL  INTERMEDIACOES LTDA		13032	20					01/06/2026	01/06/2030	
1D7361	B2C-11	CX B2C 11	3825	0	3825	161555		01/06/2026 00:00:00	01/06/2030 00:00:00	11/06/2026 07:29:40	11/06/2026 07:29:40	NORMAL	B2C - PULMAO	EMBALAGEM		0	PULMÃO PALETIZADO	0	B2C-11	2000001303201	UN	1	3825	0	322285	0	3825	2000001303201	UN	1	3825	0	0	3825	19	B2C BRASIL  INTERMEDIACOES LTDA	N	S	S	PRAZO NORMAL	0	NÃO CONTROLA	100	0	0				NF: 11837 / Série: AJUSTE - E											0,001	B2C - PULMAO	B2C BRASIL  INTERMEDIACOES LTDA		13032	20					01/06/2026	01/06/2030	
1D1361	B2C-08	CX B2C 08	810	0	810	161563		01/06/2026 00:00:00	01/06/2030 00:00:00	11/06/2026 07:30:31	11/06/2026 07:30:31	NORMAL	B2C - PULMAO	EMBALAGEM		0	PULMÃO PALETIZADO	0	B2C-08	2000001303001	UN	1	810	0	322294	0	810	2000001303001	UN	1	810	0	0	810	19	B2C BRASIL  INTERMEDIACOES LTDA	N	S	S	PRAZO NORMAL	0	NÃO CONTROLA	100	0	0				NF: 11845 / Série: AJUSTE - E											0,001	B2C - PULMAO	B2C BRASIL  INTERMEDIACOES LTDA		13030	20					01/06/2026	01/06/2030	
1D6331	B2C-21	CX B2C 21	315	0	315	161472				11/06/2026 07:20:54	11/06/2026 07:20:54	NORMAL	B2C - PULMAO	EMBALAGEM		0	PULMÃO PALETIZADO	0	B2C-21	2000001304301	UN	1	315	0	322198	0	315	2000001304301	UN	1	315	0	0	315	19	B2C BRASIL  INTERMEDIACOES LTDA	N	S	S	NÃO COLETADO	0	NÃO CONTROLA	100	0	0				NF: 11752 / Série: AJUSTE - E											0,001	B2C - PULMAO	B2C BRASIL  INTERMEDIACOES LTDA		13043	20							
1D6531	B2C-21	CX B2C 21	315	0	315	161473		01/06/2026 00:00:00	01/06/2030 00:00:00	11/06/2026 07:21:00	11/06/2026 07:21:00	NORMAL	B2C - PULMAO	EMBALAGEM		0	PULMÃO PALETIZADO	0	B2C-21	2000001304301	UN	1	315	0	322199	0	315	2000001304301	UN	1	315	0	0	315	19	B2C BRASIL  INTERMEDIACOES LTDA	N	S	S	PRAZO NORMAL	0	NÃO CONTROLA	100	0	0				NF: 11753 / Série: AJUSTE - E											0,001	B2C - PULMAO	B2C BRASIL  INTERMEDIACOES LTDA		13043	20					01/06/2026	01/06/2030	
1D0151	B2C-20	CX B2C 20	420	0	420	161476		01/06/2026 00:00:00	01/06/2030 00:00:00	11/06/2026 07:21:19	11/06/2026 07:21:19	NORMAL	B2C - PULMAO	EMBALAGEM		0	PULMÃO PALETIZADO	0	B2C-20	2000001304201	UN	1	420	0	322202	0	420	2000001304201	UN	1	420	0	0	420	19	B2C BRASIL  INTERMEDIACOES LTDA	N	S	S	PRAZO NORMAL	0	NÃO CONTROLA	100	0	0				NF: 11758 / Série: AJUSTE - E											0,001	B2C - PULMAO	B2C BRASIL  INTERMEDIACOES LTDA		13042	20					01/06/2026	01/06/2030	
1D0141	B2C-20	CX B2C 20	420	0	420	161477		01/06/2026 00:00:00	01/06/2030 00:00:00	11/06/2026 07:21:25	11/06/2026 07:21:25	NORMAL	B2C - PULMAO	EMBALAGEM		0	PULMÃO PALETIZADO	0	B2C-20	2000001304201	UN	1	420	0	322203	0	420	2000001304201	UN	1	420	0	0	420	19	B2C BRASIL  INTERMEDIACOES LTDA	N	S	S	PRAZO NORMAL	0	NÃO CONTROLA	100	0	0				NF: 11759 / Série: AJUSTE - E											0,001	B2C - PULMAO	B2C BRASIL  INTERMEDIACOES LTDA		13042	20					01/06/2026	01/06/2030	
1D0751	B2C-21	CX B2C 21	315	0	315	161402		01/06/2026 00:00:00	01/06/2030 00:00:00	10/06/2026 15:33:27	10/06/2026 15:33:27	NORMAL	B2C - PULMAO	EMBALAGEM		0	PULMÃO PALETIZADO	0	B2C-21	2000001304301	UN	1	315	0	322073	0	315	2000001304301	UN	1	315	0	0	315	19	B2C BRASIL  INTERMEDIACOES LTDA	N	S	S	PRAZO NORMAL	0	NÃO CONTROLA	100	0	0				NF: 11724 / Série: AJUSTE - E											0,001	B2C - PULMAO	B2C BRASIL  INTERMEDIACOES LTDA		13043	20					01/06/2026	01/06/2030	
1D0741	B2C-21	CX B2C 21	405	0	405	161403		01/06/2026 00:00:00	01/06/2030 00:00:00	10/06/2026 15:33:33	10/06/2026 15:33:33	NORMAL	B2C - PULMAO	EMBALAGEM		0	PULMÃO PALETIZADO	0	B2C-21	2000001304301	UN	1	405	0	322074	0	405	2000001304301	UN	1	405	0	0	405	19	B2C BRASIL  INTERMEDIACOES LTDA	N	S	S	PRAZO NORMAL	0	NÃO CONTROLA	100	0	0				NF: 11725 / Série: AJUSTE - E											0,001	B2C - PULMAO	B2C BRASIL  INTERMEDIACOES LTDA		13043	20					01/06/2026	01/06/2030	
1D0351	B2C-20	CX B2C 20	420	0	420	161479		01/06/2026 00:00:00	01/06/2030 00:00:00	11/06/2026 07:21:39	11/06/2026 07:21:39	NORMAL	B2C - PULMAO	EMBALAGEM		0	PULMÃO PALETIZADO	0	B2C-20	2000001304201	UN	1	420	0	322205	0	420	2000001304201	UN	1	420	0	0	420	19	B2C BRASIL  INTERMEDIACOES LTDA	N	S	S	PRAZO NORMAL	0	NÃO CONTROLA	100	0	0				NF: 11761 / Série: AJUSTE - E											0,001	B2C - PULMAO	B2C BRASIL  INTERMEDIACOES LTDA		13042	20					01/06/2026	01/06/2030	
1D0341	B2C-20	CX B2C 20	420	0	420	161480		01/06/2026 00:00:00	01/06/2030 00:00:00	11/06/2026 07:21:45	11/06/2026 07:21:45	NORMAL	B2C - PULMAO	EMBALAGEM		0	PULMÃO PALETIZADO	0	B2C-20	2000001304201	UN	1	420	0	322206	0	420	2000001304201	UN	1	420	0	0	420	19	B2C BRASIL  INTERMEDIACOES LTDA	N	S	S	PRAZO NORMAL	0	NÃO CONTROLA	100	0	0				NF: 11762 / Série: AJUSTE - E											0,001	B2C - PULMAO	B2C BRASIL  INTERMEDIACOES LTDA		13042	20					01/06/2026	01/06/2030	
1D0721	B2C-20	CX B2C 20	360	0	360	161485		01/06/2026 00:00:00	01/06/2030 00:00:00	11/06/2026 07:22:16	11/06/2026 07:22:16	NORMAL	B2C - PULMAO	EMBALAGEM		0	PULMÃO PALETIZADO	0	B2C-20	2000001304201	UN	1	360	0	322212	0	360	2000001304201	UN	1	360	0	0	360	19	B2C BRASIL  INTERMEDIACOES LTDA	N	S	S	PRAZO NORMAL	0	NÃO CONTROLA	100	0	0				NF: 11767 / Série: AJUSTE - E											0,001	B2C - PULMAO	B2C BRASIL  INTERMEDIACOES LTDA		13042	20					01/06/2026	01/06/2030	
1D1341	B2C-20	CX B2C 20	540	0	540	161489		01/06/2026 00:00:00	01/06/2030 00:00:00	11/06/2026 07:22:41	11/06/2026 07:22:41	NORMAL	B2C - PULMAO	EMBALAGEM		0	PULMÃO PALETIZADO	0	B2C-20	2000001304201	UN	1	540	0	322216	0	540	2000001304201	UN	1	540	0	0	540	19	B2C BRASIL  INTERMEDIACOES LTDA	N	S	S	PRAZO NORMAL	0	NÃO CONTROLA	100	0	0				NF: 11771 / Série: AJUSTE - E											0,001	B2C - PULMAO	B2C BRASIL  INTERMEDIACOES LTDA		13042	20					01/06/2026	01/06/2030	
1D1321	B2C-20	CX B2C 20	360	0	360	161491		01/06/2026 00:00:00	01/06/2030 00:00:00	11/06/2026 07:22:54	11/06/2026 07:22:54	NORMAL	B2C - PULMAO	EMBALAGEM		0	PULMÃO PALETIZADO	0	B2C-20	2000001304201	UN	1	360	0	322218	0	360	2000001304201	UN	1	360	0	0	360	19	B2C BRASIL  INTERMEDIACOES LTDA	N	S	S	PRAZO NORMAL	0	NÃO CONTROLA	100	0	0				NF: 11773 / Série: AJUSTE - E											0,001	B2C - PULMAO	B2C BRASIL  INTERMEDIACOES LTDA		13042	20					01/06/2026	01/06/2030	
1D1941	B2C-20	CX B2C 20	405	0	405	161496		01/06/2026 00:00:00	01/06/2030 00:00:00	11/06/2026 07:23:26	11/06/2026 07:23:26	NORMAL	B2C - PULMAO	EMBALAGEM		0	PULMÃO PALETIZADO	0	B2C-20	2000001304201	UN	1	405	0	322223	0	405	2000001304201	UN	1	405	0	0	405	19	B2C BRASIL  INTERMEDIACOES LTDA	N	S	S	PRAZO NORMAL	0	NÃO CONTROLA	100	0	0				NF: 11778 / Série: AJUSTE - E											0,001	B2C - PULMAO	B2C BRASIL  INTERMEDIACOES LTDA		13042	20					01/06/2026	01/06/2030	
1D2331	B2C-20	CX B2C 20	360	0	360	161501		01/06/2026 00:00:00	01/06/2030 00:00:00	11/06/2026 07:23:57	11/06/2026 07:23:57	NORMAL	B2C - PULMAO	EMBALAGEM		0	PULMÃO PALETIZADO	0	B2C-20	2000001304201	UN	1	360	0	322228	0	360	2000001304201	UN	1	360	0	0	360	19	B2C BRASIL  INTERMEDIACOES LTDA	N	S	S	PRAZO NORMAL	0	NÃO CONTROLA	100	0	0				NF: 11783 / Série: AJUSTE - E											0,001	B2C - PULMAO	B2C BRASIL  INTERMEDIACOES LTDA		13042	20					01/06/2026	01/06/2030	
1D2731	B2C-20	CX B2C 20	360	0	360	161504		01/06/2026 00:00:00	01/06/2030 00:00:00	11/06/2026 07:24:17	11/06/2026 07:24:17	NORMAL	B2C - PULMAO	EMBALAGEM		0	PULMÃO PALETIZADO	0	B2C-20	2000001304201	UN	1	360	0	322232	0	360	2000001304201	UN	1	360	0	0	360	19	B2C BRASIL  INTERMEDIACOES LTDA	N	S	S	PRAZO NORMAL	0	NÃO CONTROLA	100	0	0				NF: 11786 / Série: AJUSTE - E											0,001	B2C - PULMAO	B2C BRASIL  INTERMEDIACOES LTDA		13042	20					01/06/2026	01/06/2030	
1D2921	B2C-20	CX B2C 20	360	0	360	161506		01/06/2026 00:00:00	01/06/2030 00:00:00	11/06/2026 07:24:29	11/06/2026 07:24:29	NORMAL	B2C - PULMAO	EMBALAGEM		0	PULMÃO PALETIZADO	0	B2C-20	2000001304201	UN	1	360	0	322234	0	360	2000001304201	UN	1	360	0	0	360	19	B2C BRASIL  INTERMEDIACOES LTDA	N	S	S	PRAZO NORMAL	0	NÃO CONTROLA	100	0	0				NF: 11788 / Série: AJUSTE - E											0,001	B2C - PULMAO	B2C BRASIL  INTERMEDIACOES LTDA		13042	20					01/06/2026	01/06/2030	
1D3351	B2C-20	CX B2C 20	360	0	360	161508		01/06/2026 00:00:00	01/06/2030 00:00:00	11/06/2026 07:24:42	11/06/2026 07:24:42	NORMAL	B2C - PULMAO	EMBALAGEM		0	PULMÃO PALETIZADO	0	B2C-20	2000001304201	UN	1	360	0	322236	0	360	2000001304201	UN	1	360	0	0	360	19	B2C BRASIL  INTERMEDIACOES LTDA	N	S	S	PRAZO NORMAL	0	NÃO CONTROLA	100	0	0				NF: 11790 / Série: AJUSTE - E											0,001	B2C - PULMAO	B2C BRASIL  INTERMEDIACOES LTDA		13042	20					01/06/2026	01/06/2030	
1D3751	B2C-21	CX B2C 21	360	0	360	161464		01/06/2026 00:00:00	01/06/2030 00:00:00	11/06/2026 07:19:01	11/06/2026 07:19:01	NORMAL	B2C - PULMAO	EMBALAGEM		0	PULMÃO PALETIZADO	0	B2C-21	2000001304301	UN	1	360	0	322189	0	360	2000001304301	UN	1	360	0	0	360	19	B2C BRASIL  INTERMEDIACOES LTDA	N	S	S	PRAZO NORMAL	0	NÃO CONTROLA	100	0	0				NF: 11744 / Série: AJUSTE - E											0,001	B2C - PULMAO	B2C BRASIL  INTERMEDIACOES LTDA		13043	20					01/06/2026	01/06/2030	
1D3541	B2C-21	CX B2C 21	270	0	270	161465		01/06/2026 00:00:00	01/06/2030 00:00:00	11/06/2026 07:19:07	11/06/2026 07:19:07	NORMAL	B2C - PULMAO	EMBALAGEM		0	PULMÃO PALETIZADO	0	B2C-21	2000001304301	UN	1	270	0	322190	0	270	2000001304301	UN	1	270	0	0	270	19	B2C BRASIL  INTERMEDIACOES LTDA	N	S	S	PRAZO NORMAL	0	NÃO CONTROLA	100	0	0				NF: 11745 / Série: AJUSTE - E											0,001	B2C - PULMAO	B2C BRASIL  INTERMEDIACOES LTDA		13043	20					01/06/2026	01/06/2030	
1D5561	B2C-21	CX B2C 21	315	0	315	161469		01/06/2026 00:00:00	01/06/2030 00:00:00	11/06/2026 07:20:05	11/06/2026 07:20:05	NORMAL	B2C - PULMAO	EMBALAGEM		0	PULMÃO PALETIZADO	0	B2C-21	2000001304301	UN	1	315	0	322195	0	315	2000001304301	UN	1	315	0	0	315	19	B2C BRASIL  INTERMEDIACOES LTDA	N	S	S	PRAZO NORMAL	0	NÃO CONTROLA	100	0	0				NF: 11749 / Série: AJUSTE - E											0,001	B2C - PULMAO	B2C BRASIL  INTERMEDIACOES LTDA		13043	20					01/06/2026	01/06/2030	
1D6161	B2C-02	CX B2C 02	3300	0	3300	161215		01/06/2026 00:00:00	01/06/2030 00:00:00	09/06/2026 11:03:22	09/06/2026 11:03:22	NORMAL	B2C - PULMAO	EMBALAGEM		0	PULMÃO PALETIZADO	0	B2C-02	2000001302601	UN	1	3300	0	321058	0	3300	2000001302601	UN	1	3300	0	0	3300	19	B2C BRASIL  INTERMEDIACOES LTDA	N	S	S	PRAZO NORMAL	0	NÃO CONTROLA	100	0	0				NF: 11656 / Série: AJUSTE - E											0,001	B2C - PULMAO	B2C BRASIL  INTERMEDIACOES LTDA		13026	20					01/06/2026	01/06/2030	
1D6131	B2C-21	CX B2C 21	315	0	315	161471		01/06/2026 00:00:00	01/06/2030 00:00:00	11/06/2026 07:20:48	11/06/2026 07:20:48	NORMAL	B2C - PULMAO	EMBALAGEM		0	PULMÃO PALETIZADO	0	B2C-21	2000001304301	UN	1	315	0	322197	0	315	2000001304301	UN	1	315	0	0	315	19	B2C BRASIL  INTERMEDIACOES LTDA	N	S	S	PRAZO NORMAL	0	NÃO CONTROLA	100	0	0				NF: 11751 / Série: AJUSTE - E											0,001	B2C - PULMAO	B2C BRASIL  INTERMEDIACOES LTDA		13043	20					01/06/2026	01/06/2030	
1D0161	B2C-20	CX B2C 20	420	0	420	161475		01/06/2026 00:00:00	01/06/2030 00:00:00	11/06/2026 07:21:13	11/06/2026 07:21:13	NORMAL	B2C - PULMAO	EMBALAGEM		0	PULMÃO PALETIZADO	0	B2C-20	2000001304201	UN	1	420	0	322201	0	420	2000001304201	UN	1	420	0	0	420	19	B2C BRASIL  INTERMEDIACOES LTDA	N	S	S	PRAZO NORMAL	0	NÃO CONTROLA	100	0	0				NF: 11757 / Série: AJUSTE - E											0,001	B2C - PULMAO	B2C BRASIL  INTERMEDIACOES LTDA		13042	20					01/06/2026	01/06/2030	
1D0361	B2C-20	CX B2C 20	420	0	420	161478		01/06/2026 00:00:00	01/06/2030 00:00:00	11/06/2026 07:21:31	11/06/2026 07:21:31	NORMAL	B2C - PULMAO	EMBALAGEM		0	PULMÃO PALETIZADO	0	B2C-20	2000001304201	UN	1	420	0	322204	0	420	2000001304201	UN	1	420	0	0	420	19	B2C BRASIL  INTERMEDIACOES LTDA	N	S	S	PRAZO NORMAL	0	NÃO CONTROLA	100	0	0				NF: 11760 / Série: AJUSTE - E											0,001	B2C - PULMAO	B2C BRASIL  INTERMEDIACOES LTDA		13042	20					01/06/2026	01/06/2030	
1D6761	B2C-13	CX B2C 13	1706	0	1706	161538		01/06/2026 00:00:00	01/06/2030 00:00:00	11/06/2026 07:27:51	11/06/2026 07:27:51	NORMAL	B2C - PULMAO	EMBALAGEM		0	PULMÃO PALETIZADO	0	B2C-13	2000001303401	UN	1	1706	0	322267	0	1706	2000001303401	UN	1	1706	0	0	1706	19	B2C BRASIL  INTERMEDIACOES LTDA	N	S	S	PRAZO NORMAL	0	NÃO CONTROLA	100	0	0				NF: 11820 / Série: AJUSTE - E											0,001	B2C - PULMAO	B2C BRASIL  INTERMEDIACOES LTDA		13034	20					01/06/2026	01/06/2030	
1D4561	B2C-11	CX B2C 11	3900	0	3900	161545		01/06/2026 00:00:00	01/06/2030 00:00:00	11/06/2026 07:28:36	11/06/2026 07:28:36	NORMAL	B2C - PULMAO	EMBALAGEM		0	PULMÃO PALETIZADO	0	B2C-11	2000001303201	UN	1	3900	0	322275	0	3900	2000001303201	UN	1	3900	0	0	3900	19	B2C BRASIL  INTERMEDIACOES LTDA	N	S	S	PRAZO NORMAL	0	NÃO CONTROLA	100	0	0				NF: 11827 / Série: AJUSTE - E											0,001	B2C - PULMAO	B2C BRASIL  INTERMEDIACOES LTDA		13032	20					01/06/2026	01/06/2030	
1D0931	B2C-21	CX B2C 21	270	0	270	161405		01/06/2026 00:00:00	01/06/2030 00:00:00	10/06/2026 15:34:28	10/06/2026 15:34:28	NORMAL	B2C - PULMAO	EMBALAGEM		0	PULMÃO PALETIZADO	0	B2C-21	2000001304301	UN	1	270	0	322084	0	270	2000001304301	UN	1	270	0	0	270	19	B2C BRASIL  INTERMEDIACOES LTDA	N	S	S	PRAZO NORMAL	0	NÃO CONTROLA	100	0	0				NF: 11727 / Série: AJUSTE - E											0,001	B2C - PULMAO	B2C BRASIL  INTERMEDIACOES LTDA		13043	20					01/06/2026	01/06/2030	
1D0921	B2C-21	CX B2C 21	270	0	270	161406		01/06/2026 00:00:00	01/06/2030 00:00:00	10/06/2026 15:34:32	10/06/2026 15:34:32	NORMAL	B2C - PULMAO	EMBALAGEM		0	PULMÃO PALETIZADO	0	B2C-21	2000001304301	UN	1	270	0	322085	0	270	2000001304301	UN	1	270	0	0	270	19	B2C BRASIL  INTERMEDIACOES LTDA	N	S	S	PRAZO NORMAL	0	NÃO CONTROLA	100	0	0				NF: 11728 / Série: AJUSTE - E											0,001	B2C - PULMAO	B2C BRASIL  INTERMEDIACOES LTDA		13043	20					01/06/2026	01/06/2030	
